Voornaam, Achternaam, Email
Niels,Martens,niels.martens3@gmail.com
Sa da,Wientjes,SaidaWientjes@dayrep.com
Joelle,Kodde,JoelleKodde@superrito.com
Philipp,van Turnhout,PhilippvanTurnhout@gustr.com
Souhail,Hebels,SouhailHebels@cuvox.de
Manu l,Kortekaas,ManuelKortekaas@jourrapide.com
Katja,Abbing,KatjaAbbing@fleckens.hu
Jacko,Verwey,JackoVerwey@dayrep.com
Manu,Heijligers,ManuHeijligers@superrito.com
Anne-Lynn,Versloot,Anne-LynnVersloot@fleckens.hu
Merijn,van Zoest,MerijnvanZoest@dayrep.com
Zora,Luttikhuis,ZoraLuttikhuis@teleworm.us
Intissar,Faessen,IntissarFaessen@gustr.com
Geordi,Fieret,GeordiFieret@fleckens.hu
Sientje,Petri,SientjePetri@rhyta.com
Bahri,Brenninkmeijer,BahriBrenninkmeijer@fleckens.hu
Iefke,Rutjens,IefkeRutjens@cuvox.de
Jonneke,Peet,JonnekePeet@superrito.com
Shay,Dirks,ShayDirks@superrito.com
Alyssia,van Donkelaar,AlyssiavanDonkelaar@superrito.com
Moreno,ten Tije,MorenotenTije@superrito.com
Dane,van Kessel,DanevanKessel@gustr.com
Steije,Eeken,SteijeEeken@dayrep.com
Erkan,Pulles,ErkanPulles@fleckens.hu
Hanna,Boiten,HannaBoiten@teleworm.us
Sheranie,Said,SheranieSaid@jourrapide.com
Quinn,Tjalsma,QuinnTjalsma@rhyta.com
Chermaine,t Hoen,ChermainetHoen@armyspy.com
Wail,Idrissi,WailIdrissi@dayrep.com
Thara,Pelzer,TharaPelzer@rhyta.com
Judith,Linker,JudithLinker@fleckens.hu
Jippe,Tempel,JippeTempel@jourrapide.com
Turgay,Werkman,TurgayWerkman@dayrep.com
Meri ,Zantingh,MericZantingh@fleckens.hu
Anne-Lotte,ter Schure,Anne-LotteterSchure@dayrep.com
Amara,Blaauw,AmaraBlaauw@dayrep.com
Audry,Smets,AudrySmets@gustr.com
Mattis,van der Wees,MattisvanderWees@teleworm.us
Lidwina,Anthony,LidwinaAnthony@rhyta.com
Aloys,Soer,AloysSoer@jourrapide.com
Rocco,IJzerman,RoccoIJzerman@einrot.com
Anne-Lynn,Mekking,Anne-LynnMekking@armyspy.com
Steff,Kentie,SteffKentie@rhyta.com
Joost,Verberk,JoostVerberk@rhyta.com
Yde,Flipse,YdeFlipse@rhyta.com
Raiza,van der Does,RaizavanderDoes@armyspy.com
Manolito,Zwemmer,ManolitoZwemmer@teleworm.us
Mil ne,Bank,MileneBank@dayrep.com
Linus,Reukers,LinusReukers@einrot.com
Polat,Wieling,PolatWieling@teleworm.us
Joannes,van der Molen,JoannesvanderMolen@dayrep.com
Aislinn,Dubbelman,AislinnDubbelman@rhyta.com
Ger,Bauer,GerBauer@fleckens.hu
Tamimount,van Wieren,TamimountvanWieren@fleckens.hu
Boyd,Wolff,BoydWolff@superrito.com
Seyyid,Luteijn,SeyyidLuteijn@dayrep.com
Kamran,Wijnholds,KamranWijnholds@einrot.com
Esad,Folmer,EsadFolmer@teleworm.us
Alejandra,Janissen,AlejandraJanissen@cuvox.de
Karishma,Timmer,KarishmaTimmer@fleckens.hu
Nelleke,Bloemers,NellekeBloemers@armyspy.com
Lubertus,Kessen,LubertusKessen@einrot.com
H lya,van Lochem,HulyavanLochem@dayrep.com
Violette,Zoet,VioletteZoet@rhyta.com
Marylou,Langeslag,MarylouLangeslag@superrito.com
Ilham,de Vreede,IlhamdeVreede@teleworm.us
Fenno,van der Weij,FennovanderWeij@einrot.com
Feline,van Koeveringe,FelinevanKoeveringe@teleworm.us
Rafael,Mollema,RafaelMollema@jourrapide.com
Alysha,Loeve,AlyshaLoeve@einrot.com
Lyam,Jagesar,LyamJagesar@dayrep.com
Lyon,Chau,LyonChau@cuvox.de
Serge,Dik,SergeDik@einrot.com
Baer,Belhaj,BaerBelhaj@armyspy.com
Antoinetta,Reesink,AntoinettaReesink@gustr.com
Garry,Beks,GarryBeks@cuvox.de
Karine,Segaar,KarineSegaar@dayrep.com
Sijbren,Philippo,SijbrenPhilippo@gustr.com
Annejet,Boven,AnnejetBoven@einrot.com
Metje,Zijderveld,MetjeZijderveld@cuvox.de
Meltem,Vestjens,MeltemVestjens@einrot.com
Martinus,Siderius,MartinusSiderius@gustr.com
Everdina,Martens,EverdinaMartens@armyspy.com
Tinka,Riedijk,TinkaRiedijk@gustr.com
Joke,Amir,JokeAmir@superrito.com
Sandrine,Deijkers,SandrineDeijkers@jourrapide.com
Wendie,Kin,WendieKin@teleworm.us
Faber,Mandemaker,FaberMandemaker@teleworm.us
Kwabena,Voermans,KwabenaVoermans@gustr.com
Jorick,Aalders,JorickAalders@cuvox.de
Elisabeth,Ouwehand,ElisabethOuwehand@jourrapide.com
Ayah,Poeran,AyahPoeran@armyspy.com
Siegrid,Kamps,SiegridKamps@einrot.com
Guy,Tuithof,GuyTuithof@teleworm.us
Liset,Lagerwerf,LisetLagerwerf@rhyta.com
Kalle,Vermolen,KalleVermolen@cuvox.de
Kasper,Broekhoven,KasperBroekhoven@superrito.com
Shiva,Schook,ShivaSchook@armyspy.com
Margretha,Bodewes,MargrethaBodewes@gustr.com
Andreia,Wigger,AndreiaWigger@cuvox.de
Rifat,van Elferen,RifatvanElferen@cuvox.de
Logan,Gorter,LoganGorter@dayrep.com
Hotze,Briels,HotzeBriels@gustr.com
Sergei,Koetje,SergeiKoetje@teleworm.us
Kaz,Verstraaten,KazVerstraaten@armyspy.com
Sake,van Dee,SakevanDee@cuvox.de
Sai,Vijgen,SaiVijgen@fleckens.hu
Zeynel,Schuurs,ZeynelSchuurs@rhyta.com
Manu l,van Eekelen,ManuelvanEekelen@fleckens.hu
Lennart,Flokstra,LennartFlokstra@cuvox.de
Renato,Berentsen,RenatoBerentsen@fleckens.hu
Didi,Cnossen,DidiCnossen@einrot.com
Chenna,Giezen,ChennaGiezen@dayrep.com
Vidya,Matla,VidyaMatla@fleckens.hu
Niki,Langeveld,NikiLangeveld@cuvox.de
Anouck,Hazeleger,AnouckHazeleger@jourrapide.com
Zilan,van Deutekom,ZilanvanDeutekom@rhyta.com
Jake,van Faassen,JakevanFaassen@cuvox.de
Bo,van der Stok,BovanderStok@fleckens.hu
Mathilda,Boerkamp,MathildaBoerkamp@armyspy.com
Geerte,van de Brug,GeertevandeBrug@einrot.com
 agla,Stortelder,CaglaStortelder@einrot.com
Michele,Ellens,MicheleEllens@teleworm.us
Damiano,Wildenbeest,DamianoWildenbeest@gustr.com
Hendrik-Jan,Koenraadt,Hendrik-JanKoenraadt@einrot.com
Moad,van Aalten,MoadvanAalten@fleckens.hu
Shamira,Vet,ShamiraVet@jourrapide.com
Lysan,Rommers,LysanRommers@armyspy.com
Rishma,van den Bosch,RishmavandenBosch@einrot.com
Rikkert,van Velsen,RikkertvanVelsen@teleworm.us
Sigrid,Stoeten,SigridStoeten@gustr.com
Maryama,Rosman,MaryamaRosman@jourrapide.com
Aida,Geerlings,AidaGeerlings@fleckens.hu
Jerzy,Ligtvoet,JerzyLigtvoet@cuvox.de
Miguel,Aksu,MiguelAksu@dayrep.com
Mattias,Boss,MattiasBoss@fleckens.hu
Abdullah,Borsboom,AbdullahBorsboom@teleworm.us
Sije,Nelissen,SijeNelissen@dayrep.com
Lyndon,Bindels,LyndonBindels@gustr.com
Babiche,Verzijl,BabicheVerzijl@einrot.com
Jo o,Braspenning,JoaoBraspenning@superrito.com
Se n,van Peer,SeanvanPeer@gustr.com
Sela,Pothoven,SelaPothoven@teleworm.us
Tiamo,Kuijstermans,TiamoKuijstermans@fleckens.hu
Jany,Poppe,JanyPoppe@teleworm.us
Terry,Reijmer,TerryReijmer@einrot.com
Roelofje,Graumans,RoelofjeGraumans@jourrapide.com
Margriet,Bijl,MargrietBijl@einrot.com
Sandor,van Utrecht,SandorvanUtrecht@dayrep.com
Mounia,Zoontjens,MouniaZoontjens@jourrapide.com
Foeke,Henstra,FoekeHenstra@jourrapide.com
Miranda,van Halteren,MirandavanHalteren@gustr.com
Germain,Penninkhof,GermainPenninkhof@jourrapide.com
Jorit,Kwakman,JoritKwakman@gustr.com
Salah-Eddine,Overwijk,Salah-EddineOverwijk@jourrapide.com
Aafke,Derix,AafkeDerix@fleckens.hu
Reinout,van der Vlag,ReinoutvanderVlag@jourrapide.com
Esteban,Staphorst,EstebanStaphorst@superrito.com
Klaartje,van der Wind,KlaartjevanderWind@einrot.com
Daphne,Hussain,DaphneHussain@superrito.com
Thymen,Sluimer,ThymenSluimer@fleckens.hu
Thari,van der Weegen,TharivanderWeegen@rhyta.com
Hillie,Knoef,HillieKnoef@rhyta.com
Miel,Wennink,MielWennink@gustr.com
Jonno,El Messaoudi,JonnoElMessaoudi@dayrep.com
Ellen,Mondria,EllenMondria@superrito.com
Sebastien,de Jongste,SebastiendeJongste@fleckens.hu
Davud,Rust,DavudRust@cuvox.de
Louk,van Vulpen,LoukvanVulpen@einrot.com
Nihat,Ligthart,NihatLigthart@gustr.com
Melinda,van Schalkwijk,MelindavanSchalkwijk@rhyta.com
Yasar,van Straten,YasarvanStraten@fleckens.hu
Min,Broer,MinBroer@jourrapide.com
Yair,van der Kruit,YairvanderKruit@teleworm.us
Mohamed,Epping,MohamedEpping@einrot.com
Anissa,van Donkelaar,AnissavanDonkelaar@einrot.com
Wesley,Brouwers,WesleyBrouwers@fleckens.hu
Seb,Kruijt,SebKruijt@armyspy.com
J rgen,Thelen,JurgenThelen@superrito.com
Seppe,Timmers,SeppeTimmers@dayrep.com
Noach,Neelen,NoachNeelen@gustr.com
Edward,Leusink,EdwardLeusink@dayrep.com
Boet,van Aart,BoetvanAart@jourrapide.com
Shereen,Spithoven,ShereenSpithoven@fleckens.hu
Morena,Havermans,MorenaHavermans@cuvox.de
Cleo,Schijf,CleoSchijf@gustr.com
Damiaan,Kloppers,DamiaanKloppers@fleckens.hu
Germen,Speek,GermenSpeek@dayrep.com
Ai,Gardien,AiGardien@armyspy.com
Christianus,Krens,ChristianusKrens@einrot.com
Denzel,Dries,DenzelDries@teleworm.us
Dani,Noijen,DaniNoijen@rhyta.com
Danita,Timmers,DanitaTimmers@superrito.com
Aldert,Markerink,AldertMarkerink@armyspy.com
Madelyn,Samuels,MadelynSamuels@rhyta.com
Chamilla,Devilee,ChamillaDevilee@superrito.com
Merijn,Custers,MerijnCusters@cuvox.de
Agnes,Lopes,AgnesLopes@fleckens.hu
Jerrold,van Someren,JerroldvanSomeren@fleckens.hu
Ivor,Lammerse,IvorLammerse@dayrep.com
Amando,Vriesema,AmandoVriesema@jourrapide.com
Banu,Louwerse,BanuLouwerse@einrot.com
Mounia,van Nispen,MouniavanNispen@dayrep.com
Gijs,Moers,GijsMoers@superrito.com
Yassin,Tijhuis,YassinTijhuis@dayrep.com
Fabi nne,Kiezebrink,FabienneKiezebrink@dayrep.com
Zef,Ong,ZefOng@teleworm.us
Rabab,Sommer,RababSommer@gustr.com
Aileen,Nuij,AileenNuij@armyspy.com
Rishan,ter Brugge,RishanterBrugge@superrito.com
Najib,van Riemsdijk,NajibvanRiemsdijk@fleckens.hu
Cailey,Streefland,CaileyStreefland@cuvox.de
Kathinka,Middeldorp,KathinkaMiddeldorp@fleckens.hu
Hillechien,Maessen,HillechienMaessen@armyspy.com
Tosca,van der Blom,ToscavanderBlom@jourrapide.com
Djimmy,Markerink,DjimmyMarkerink@armyspy.com
Charles,Backus,CharlesBackus@rhyta.com
Ebru,van Gool,EbruvanGool@teleworm.us
Patrique,Brunt,PatriqueBrunt@rhyta.com
Saagar,Iqbal,SaagarIqbal@armyspy.com
Annelieke,Biharie,AnneliekeBiharie@superrito.com
Rosalien,Besselink,RosalienBesselink@dayrep.com
Mozes,Korpel,MozesKorpel@gustr.com
Meredith,Gielissen,MeredithGielissen@gustr.com
Lilli,Witjes,LilliWitjes@armyspy.com
Arsen,Raven,ArsenRaven@cuvox.de
Marten,ten Hoope,MartentenHoope@gustr.com
Zhi,Filippo,ZhiFilippo@jourrapide.com
Niesje,Hanna,NiesjeHanna@einrot.com
Narjiss,Veugen,NarjissVeugen@cuvox.de
Sylvester,Elemans,SylvesterElemans@fleckens.hu
Dominicus,Profijt,DominicusProfijt@rhyta.com
Carlito,Batelaan,CarlitoBatelaan@dayrep.com
Viona,Weening,VionaWeening@dayrep.com
Dorris,Boshoven,DorrisBoshoven@teleworm.us
Gauke,Obdam,GaukeObdam@gustr.com
Sjieuwke,Appel,SjieuwkeAppel@einrot.com
Cinthia,Coopmans,CinthiaCoopmans@cuvox.de
Ra l,Goos,RaulGoos@fleckens.hu
Konrad,van der Star,KonradvanderStar@teleworm.us
 m r,Hopman,OmurHopman@einrot.com
Theodoor,Blaauwbroek,TheodoorBlaauwbroek@fleckens.hu
Matisse,Gerdes,MatisseGerdes@dayrep.com
Magda,Schoonderwoerd,MagdaSchoonderwoerd@fleckens.hu
Ylona,Baarslag,YlonaBaarslag@armyspy.com
Shahd,van Dongen,ShahdvanDongen@rhyta.com
Wilbert,Hagoort,WilbertHagoort@fleckens.hu
Sascha,Brussee,SaschaBrussee@gustr.com
Marcela,den Ouden,MarceladenOuden@rhyta.com
Minne,Hokke,MinneHokke@superrito.com
 nder,Kling,OnderKling@einrot.com
Ervin,Freriksen,ErvinFreriksen@rhyta.com
Adrie,van Eerde,AdrievanEerde@teleworm.us
Vadim,Bours,VadimBours@einrot.com
Eric,El Amrani,EricElAmrani@armyspy.com
Delia,Laterveer,DeliaLaterveer@teleworm.us
Zenna,Reintjes,ZennaReintjes@rhyta.com
Hanifi,Klopstra,HanifiKlopstra@cuvox.de
Jildau,Jongbloed,JildauJongbloed@dayrep.com
Rochella,Snoeij,RochellaSnoeij@superrito.com
Loredana,van Rooij,LoredanavanRooij@gustr.com
Jacko,Molleman,JackoMolleman@einrot.com
Esha,Denkers,EshaDenkers@armyspy.com
Eleonora,Goudsblom,EleonoraGoudsblom@fleckens.hu
Dani l,Visee,DanielVisee@rhyta.com
Leah,Huizer,LeahHuizer@superrito.com
Sivar,Meinsma,SivarMeinsma@fleckens.hu
Scarlett,Gielissen,ScarlettGielissen@fleckens.hu
Val rie,Kersbergen,ValerieKersbergen@dayrep.com
Laszlo,Angela,LaszloAngela@gustr.com
Quintus,van Drunen,QuintusvanDrunen@rhyta.com
Clint,Erol,ClintErol@superrito.com
Mouna,Uzun,MounaUzun@teleworm.us
Kader,Ceelen,KaderCeelen@rhyta.com
Lee,de Zwart,LeedeZwart@gustr.com
Maissa,te Boekhorst,MaissateBoekhorst@teleworm.us
Hubrecht,Ran,HubrechtRan@armyspy.com
Sofie,van Waes,SofievanWaes@fleckens.hu
Esha,van Holsteijn,EshavanHolsteijn@gustr.com
Kirstie,Soekhai,KirstieSoekhai@dayrep.com
Princess,Coenen,PrincessCoenen@gustr.com
Dionysia,Henneman,DionysiaHenneman@rhyta.com
Neelke,van Lier,NeelkevanLier@gustr.com
Tjarco,Hobma,TjarcoHobma@cuvox.de
Rom o,Sluiter,RomeoSluiter@armyspy.com
Songul,Kruiper,SongulKruiper@armyspy.com
Milka,Kop,MilkaKop@superrito.com
Fimke,Hiwat,FimkeHiwat@teleworm.us
S ren,Roosen,SorenRoosen@armyspy.com
Janine,G ler,JanineGuler@teleworm.us
Ehsan,Velema,EhsanVelema@dayrep.com
Reem,Treurniet,ReemTreurniet@rhyta.com
Helga,Fransman,HelgaFransman@armyspy.com
Jamel,Hernandez,JamelHernandez@superrito.com
Samyra,van Lierop,SamyravanLierop@jourrapide.com
Francois,Verduin,FrancoisVerduin@jourrapide.com
Sybren,van Dijk,SybrenvanDijk@superrito.com
Oda,Wonnink,OdaWonnink@gustr.com
Chakib,Remkes,ChakibRemkes@teleworm.us
Alfredo,Prinssen,AlfredoPrinssen@fleckens.hu
